id,name,email,rating,country,active,created_at
sup_001,Acme Industrial Supply,acme.industrial.supply@supplier.com,2,CN,true,2019-08-17T13:12:55Z
sup_002,ACME Industrial Supply Inc.,acme.industrial.supply.inc@supplier.com,,IE,true,2024-07-08T01:19:42Z
sup_003,acme industrial,acme.industrial@supplier.com,1.7,DEN,false,2022-07-06T20:05:08Z
sup_004,Pacific Foods Ltd,pacific.foods.ltd@supplier.com,2.9,CZ,true,2022-08-14T16:09:58Z
sup_005,Pacific Foods Limited,pacific.foods.limited@supplier.com,4,GER,false,2021-06-08T11:02:51Z
sup_006,Martinez & Sons LLC,martinez.sons.llc@supplier.com,2,AU,true,2022-01-19T01:54:45Z
sup_007,Martinez and Sons,martinez.and.sons@supplier.com,3.2,CA,true,2021-07-14T10:34:00Z
sup_008,Global Tech Solutions,global.tech.solutions@supplier.com,,BE,true,2023-03-11T17:55:16Z
sup_009,GlobalTech Solutions,globaltech.solutions@supplier.com,1.2,ZA,true,2022-06-13T11:45:07Z
sup_010,Global-Tech Solutions Inc,global.tech.solutions.inc@supplier.com,2.9,PL,false,2019-11-02T12:29:40Z
sup_011,Smith Manufacturing Co,smith.manufacturing.co@supplier.com,4.4,NO,true,2022-12-28T23:48:57Z
sup_012,Smith Manufacturing Company,smith.manufacturing.company@supplier.com,,FR,false,2024-01-14T20:40:46Z
sup_013,Smith Mfg Co.,smith.mfg.co@supplier.com,3.6,ES,true,2020-02-11T17:03:08Z
sup_014,Johnson Supply Chain,johnson.supply.chain@supplier.com,2.5,KR,true,2022-12-12T19:44:00Z
sup_015,Johnson Supply-Chain Ltd,johnson.supply.chain.ltd@supplier.com,4.6,KR,true,2021-05-24T15:18:27Z
sup_016,Eastern Materials Group,eastern.materials.group@supplier.com,1.7,SE,true,2022-01-19T19:26:35Z
sup_017,Eastern Materials Grp,eastern.materials.grp@supplier.com,1.7,IN,false,2024-03-20T16:34:32Z
sup_018,Eastern Materials,eastern.materials@supplier.com,,NZ,true,2019-02-26T00:02:31Z
sup_019,Nordic Components AB,nordic.components.ab@supplier.com,3.5,CA,true,2019-05-24T08:11:44Z
sup_020,Nordic Components,nordic.components@supplier.com,4.4,BRZ,true,2022-05-17T09:35:11Z
sup_021,Precision Parts Inc,precision.parts.inc@supplier.com,3.9,FR,true,2020-12-27T10:35:20Z
sup_022,Precision Parts Incorporated,precision.parts.incorporated@supplier.com,3.8,CZ,true,2021-11-15T22:13:09Z
sup_023,PrecisionParts Inc.,precisionparts.inc@supplier.com,1.1,SE,true,2022-08-28T06:57:13Z
sup_024,Atlas Heavy Industries,atlas.heavy.industries@supplier.com,3,PL,true,2021-03-09T22:37:18Z
sup_025,Atlas Heavy Ind.,atlas.heavy.ind@supplier.com,3.3,CHINA,true,2024-08-16T21:35:51Z
sup_026,Bright Star Electronics,bright.star.electronics@supplier.com,2.8,ES,true,2022-08-18T09:10:00Z
sup_027,BrightStar Electronics,brightstar.electronics@supplier.com,1.1,IN,false,2019-08-08T01:27:41Z
sup_028,Bright-Star Electronics,bright.star.electronics@supplier.com,3.5,CN,true,2021-05-18T11:48:05Z
sup_029,Canyon Creek Supplies,canyon.creek.supplies@supplier.com,4.5,JP,true,2024-12-14T04:39:36Z
sup_030,Canyon Creek Supply Co,canyon.creek.supply.co@supplier.com,1.6,IT,false,2024-07-05T00:51:05Z
sup_031,Delta Force Logistics,delta.force.logistics@supplier.com,3.4,NO,true,2024-07-19T12:54:53Z
sup_032,DeltaForce Logistics,deltaforce.logistics@supplier.com,2.6,CN,true,2023-07-13T07:22:20Z
sup_033,Delta-Force Logistics Inc,delta.force.logistics.inc@supplier.com,3.4,IL,true,2021-07-21T13:24:59Z
sup_034,Eagle Eye Instruments,eagle.eye.instruments@supplier.com,1.2,CN,true,2019-01-04T08:45:31Z
sup_035,EagleEye Instruments,eagleeye.instruments@supplier.com,2.8,IRE,true,2021-09-09T14:15:06Z
sup_036,Falcon Steel Works,falcon.steel.works@supplier.com,1.5,TW,true,2024-01-22T13:03:37Z
sup_037,Falcon Steelworks,falcon.steelworks@supplier.com,1.9,JP,false,2024-06-12T00:23:03Z
sup_038,Falcon Steel Works LLC,falcon.steel.works.llc@supplier.com,,IT,true,2024-10-07T02:11:41Z
sup_039,Solar Wind Systems AG,solar.wind.systems.ag@supplier.com,1,SE,true,2024-11-27T05:08:00Z
sup_040,Storm Lake International Inc,storm.lake.international.inc@supplier.com,1.9,NZ,true,2022-05-03T06:54:59Z
sup_041,Coastal Core Industries AG,coastal.core.industries.ag@supplier.com,4.1,AU,false,2019-05-08T01:38:32Z
sup_042,Valley River Partners Inc,valley.river.partners.inc@supplier.com,1.9,FI,true,2021-02-27T04:13:36Z
sup_043,Valley Coastal Services GmbH,valley.coastal.services.gmbh@supplier.com,3.6,BE,true,2022-11-24T11:46:08Z
sup_044,Elite River Services LLC,elite.river.services.llc@supplier.com,1.4,IT,true,2021-11-08T11:47:20Z
sup_045,Forest Noble Resources Inc,forest.noble.resources.inc@supplier.com,2.5,ES,true,2020-03-01T17:09:15Z
sup_046,Beta Solar Solutions AB,beta.solar.solutions.ab@supplier.com,2.2,AU,true,2023-11-21T15:28:22Z
sup_047,Mountain Wind Manufacturing GmbH,mountain.wind.manufacturing.gmbh@supplier.com,3.6,AT,true,2023-07-28T20:54:35Z
sup_048,Urban Royal Systems Ltd,urban.royal.systems.ltd@supplier.com,1.7,US,true,2020-03-11T23:28:43Z
sup_049,Star Lunar Trading AG,star.lunar.trading.ag@supplier.com,4.6,CA,true,2021-04-18T15:16:53Z
sup_050,Solar Valley International S.A.,solar.valley.international.s.a@supplier.com,4.5,PL,true,2023-11-07T02:50:23Z
sup_051,Coastal Star Services Corp,coastal.star.services.corp@supplier.com,3.3,MX,true,2022-03-03T21:17:17Z
sup_052,Wind River Trading Corp,wind.river.trading.corp@supplier.com,2.5,IL,true,2023-03-17T11:35:21Z
sup_053,Metro Metro Group Pty Ltd,metro.metro.group.pty.ltd@supplier.com,2.3,SG,true,2020-11-03T12:45:16Z
sup_054,Alpha Metro Solutions AB,alpha.metro.solutions.ab@supplier.com,4.4,FI,true,2024-03-01T19:47:31Z
sup_055,Gamma Summit Trading AG,gamma.summit.trading.ag@supplier.com,3.9,MX,true,2024-06-25T21:42:51Z
sup_056,Noble Prime Industries S.A.,noble.prime.industries.s.a@supplier.com,4.9,CZ,true,2020-10-02T07:30:38Z
sup_057,Wind Ocean Corporation AG,wind.ocean.corporation.ag@supplier.com,2.5,TW,true,2022-01-11T04:44:12Z
sup_058,Lake Core Corporation Ltd,lake.core.corporation.ltd@supplier.com,2.4,JP,false,2020-11-21T05:19:10Z
sup_059,Mountain Thunder Enterprises AG,mountain.thunder.enterprises.ag@supplier.com,2.6,BE,true,2020-12-05T13:49:20Z
sup_060,Lightning Storm Enterprises LLC,lightning.storm.enterprises.llc@supplier.com,1.3,IL,true,2019-08-11T03:37:52Z
sup_061,Core Gamma Industries LLC,core.gamma.industries.llc@supplier.com,2.3,IL,true,2022-03-08T16:28:28Z
sup_062,Wind Coastal Industries AG,wind.coastal.industries.ag@supplier.com,4.9,DE,true,2020-03-07T11:24:20Z
sup_063,Urban Elite Solutions GmbH,urban.elite.solutions.gmbh@supplier.com,2.7,US,true,2024-11-18T09:38:13Z
sup_064,Lightning Prime Enterprises AG,lightning.prime.enterprises.ag@supplier.com,2,AU,true,2021-03-11T11:08:29Z
sup_065,Noble Peak Technologies Corp,noble.peak.technologies.corp@supplier.com,3.6,CA,true,2021-02-16T03:11:49Z
sup_066,Core Coastal Services AB,core.coastal.services.ab@supplier.com,2,SG,true,2023-12-27T18:48:38Z
sup_067,Prime Prime Solutions,prime.prime.solutions@supplier.com,4.5,NO,true,2020-05-28T21:44:00Z
sup_068,Urban Lightning Trading LLC,urban.lightning.trading.llc@supplier.com,3.4,MX,true,2019-12-10T14:19:28Z
sup_069,Solar Forest Systems Corp,solar.forest.systems.corp@supplier.com,3.2,NL,true,2022-12-18T17:17:09Z
sup_070,Beta Alpha Corporation Inc,beta.alpha.corporation.inc@supplier.com,1.4,MX,false,2023-12-14T11:22:05Z
sup_071,Wind Mountain Solutions LLC,wind.mountain.solutions.llc@supplier.com,2.5,JP,true,2020-05-22T02:09:26Z
sup_072,Storm Grand Solutions LLC,storm.grand.solutions.llc@supplier.com,2.7,CZ,true,2019-10-19T04:54:56Z
sup_073,Valley Grand Manufacturing Pty Ltd,valley.grand.manufacturing.pty.ltd@supplier.com,4.8,CH,true,2020-11-11T09:23:21Z
sup_074,Urban Wind Corporation GmbH,urban.wind.corporation.gmbh@supplier.com,1.1,GB,false,2023-09-21T11:39:43Z
sup_075,Thunder Prime Corporation GmbH,thunder.prime.corporation.gmbh@supplier.com,2.8,NZ,true,2019-11-27T13:57:16Z
sup_076,Prime Forest Partners Inc,prime.forest.partners.inc@supplier.com,3.1,FR,true,2020-06-13T06:16:17Z
sup_077,Delta Wind Supply Co GmbH,delta.wind.supply.co.gmbh@supplier.com,3.6,ZA,true,2024-05-21T13:26:02Z
sup_078,Summit Delta Materials AB,summit.delta.materials.ab@supplier.com,4,KR,true,2020-12-27T01:20:52Z
sup_079,Storm Ocean Supply Co Corp,storm.ocean.supply.co.corp@supplier.com,2.5,MX,true,2019-03-06T05:58:15Z
sup_080,Crown Forest Trading AG,crown.forest.trading.ag@supplier.com,1.6,DE,true,2023-08-03T02:05:59Z
sup_081,Lake Royal Corporation LLC,lake.royal.corporation.llc@supplier.com,3.8,TW,true,2021-05-04T14:36:42Z
sup_082,Forest Alpha Manufacturing GmbH,forest.alpha.manufacturing.gmbh@supplier.com,3.4,IL,true,2022-12-06T00:43:06Z
sup_083,Wind Star Group Inc,wind.star.group.inc@supplier.com,2.7,CN,true,2019-08-11T08:10:55Z
sup_084,Thunder Beta Materials Corp,thunder.beta.materials.corp@supplier.com,1.7,PL,true,2024-12-21T05:48:53Z
sup_085,Urban Coastal Manufacturing Inc,urban.coastal.manufacturing.inc@supplier.com,3.1,US,true,2023-02-19T08:38:10Z
sup_086,Delta Gamma Services LLC,delta.gamma.services.llc@supplier.com,1.4,DE,true,2024-01-22T05:15:15Z
sup_087,Coastal Coastal Resources Pty Ltd,coastal.coastal.resources.pty.ltd@supplier.com,3.5,FI,true,2024-03-02T22:48:13Z
sup_088,Beta Coastal Enterprises GmbH,beta.coastal.enterprises.gmbh@supplier.com,4.8,SG,true,2024-09-21T15:25:01Z
sup_089,Summit Lunar Trading Pty Ltd,summit.lunar.trading.pty.ltd@supplier.com,4.3,FR,true,2023-03-25T13:01:11Z
sup_090,River Thunder Manufacturing S.A.,river.thunder.manufacturing.s.a@supplier.com,1.4,GB,true,2019-03-24T03:10:44Z
sup_091,Elite Crown Industries Pty Ltd,elite.crown.industries.pty.ltd@supplier.com,1.5,FR,true,2023-01-12T08:36:19Z
sup_092,Beta Metro Services AB,beta.metro.services.ab@supplier.com,4.7,FI,true,2022-02-25T21:02:23Z
sup_093,Storm Elite Partners GmbH,storm.elite.partners.gmbh@supplier.com,2.1,AU,true,2023-07-06T17:19:40Z
sup_094,Valley Lightning Services Ltd,valley.lightning.services.ltd@supplier.com,4.5,IE,true,2020-01-17T21:31:39Z
sup_095,Lunar River Enterprises GmbH,lunar.river.enterprises.gmbh@supplier.com,3.9,TW,true,2019-10-19T09:29:06Z
sup_096,Royal Crown Resources,royal.crown.resources@supplier.com,3.6,CA,true,2019-12-05T01:10:12Z
sup_097,Storm Star Trading Inc,storm.star.trading.inc@supplier.com,2.5,IE,false,2024-12-19T04:47:04Z
sup_098,Coastal Coastal Manufacturing S.A.,coastal.coastal.manufacturing.s.a@supplier.com,3.7,JP,true,2023-07-18T13:33:05Z
sup_099,Core Delta Manufacturing LLC,core.delta.manufacturing.llc@supplier.com,3.8,IL,true,2021-11-25T02:56:56Z
sup_100,Star Prime Group Corp,star.prime.group.corp@supplier.com,2.5,SE,true,2021-02-02T04:26:07Z
sup_101,Wind Crown Trading S.A.,wind.crown.trading.s.a@supplier.com,3.9,FR,false,2022-12-10T08:29:08Z
sup_102,Lunar Core Solutions LLC,lunar.core.solutions.llc@supplier.com,1.9,DK,true,2021-04-26T08:10:10Z
sup_103,Core Ocean Manufacturing,core.ocean.manufacturing@supplier.com,2.7,TW,true,2024-01-19T14:41:59Z
sup_104,Lightning Lightning Trading,lightning.lightning.trading@supplier.com,2.9,CN,true,2019-09-13T04:50:36Z
sup_105,Prime Lunar Materials GmbH,prime.lunar.materials.gmbh@supplier.com,1.3,FR,true,2022-07-01T16:18:07Z
sup_106,Lightning Omega Trading LLC,lightning.omega.trading.llc@supplier.com,4.8,US,true,2022-03-18T05:33:00Z
sup_107,Peak Grand Corporation,peak.grand.corporation@supplier.com,1.4,FR,false,2022-01-20T11:28:57Z
sup_108,Wind Ocean Partners LLC,wind.ocean.partners.llc@supplier.com,2.3,IN,true,2020-06-28T23:28:32Z
sup_109,Forest Alpha Solutions Inc,forest.alpha.solutions.inc@supplier.com,1.9,SE,true,2023-01-13T06:48:28Z
sup_110,Alpha Valley Group Ltd,alpha.valley.group.ltd@supplier.com,2.4,SE,true,2023-01-21T01:55:17Z
sup_111,Omega Ocean Partners Corp,omega.ocean.partners.corp@supplier.com,3.5,DK,true,2022-03-14T07:04:40Z
sup_112,Wind Alpha Trading AB,wind.alpha.trading.ab@supplier.com,4.9,SG,true,2021-12-02T07:11:36Z
sup_113,Beta Thunder Partners S.A.,beta.thunder.partners.s.a@supplier.com,3.5,NO,true,2021-05-03T11:42:32Z
sup_114,Wind Star Partners,wind.star.partners@supplier.com,3.1,CA,true,2023-06-24T10:11:26Z
sup_115,Prime Wind Industries Pty Ltd,prime.wind.industries.pty.ltd@supplier.com,1.8,ZA,true,2019-07-07T00:51:36Z
sup_116,Royal Metro Supply Co LLC,royal.metro.supply.co.llc@supplier.com,1.9,FR,true,2019-09-01T20:22:52Z
sup_117,Gamma Alpha Partners GmbH,gamma.alpha.partners.gmbh@supplier.com,1.2,IL,true,2021-02-28T01:16:35Z
sup_118,Coastal Lunar Resources Corp,coastal.lunar.resources.corp@supplier.com,4.2,ZA,true,2022-12-16T04:48:34Z
sup_119,Beta Omega Technologies LLC,beta.omega.technologies.llc@supplier.com,1.6,CH,true,2020-11-13T17:46:53Z
sup_120,Metro Valley Supply Co S.A.,metro.valley.supply.co.s.a@supplier.com,3.4,SG,true,2024-09-01T22:52:34Z
sup_121,Lunar Elite Partners S.A.,lunar.elite.partners.s.a@supplier.com,4.2,IN,true,2024-01-14T04:48:47Z
sup_122,Summit Lunar Manufacturing Pty Ltd,summit.lunar.manufacturing.pty.ltd@supplier.com,3.8,ZA,true,2022-03-19T16:54:05Z
sup_123,Crown Lake International Corp,crown.lake.international.corp@supplier.com,2.2,CA,true,2019-02-20T21:31:21Z
sup_124,Mountain Beta Enterprises Pty Ltd,mountain.beta.enterprises.pty.ltd@supplier.com,3.2,IL,true,2023-05-04T19:22:28Z
sup_125,Peak Forest Solutions Inc,peak.forest.solutions.inc@supplier.com,3.9,IN,true,2022-09-09T06:19:10Z
sup_126,Star Urban Solutions,star.urban.solutions@supplier.com,1.6,AU,true,2019-06-23T02:56:53Z
sup_127,Mountain Gamma Industries Ltd,mountain.gamma.industries.ltd@supplier.com,3.9,DK,true,2022-11-11T16:18:59Z
sup_128,Lake Lightning International,lake.lightning.international@supplier.com,3.4,FI,true,2019-12-20T10:17:40Z
sup_129,Star Metro Resources LLC,star.metro.resources.llc@supplier.com,3.7,NZ,true,2019-10-24T15:54:07Z
sup_130,Omega Noble International LLC,omega.noble.international.llc@supplier.com,2.1,CZ,true,2019-11-16T05:02:04Z
sup_131,Star River Services GmbH,star.river.services.gmbh@supplier.com,1.5,DK,true,2019-03-09T04:23:45Z
sup_132,Prime Royal Manufacturing Corp,prime.royal.manufacturing.corp@supplier.com,2,SG,true,2020-08-12T19:35:53Z
sup_133,Beta Peak Systems AB,beta.peak.systems.ab@supplier.com,4.5,AT,true,2020-03-20T12:03:18Z
sup_134,Star Lunar Trading S.A.,star.lunar.trading.s.a@supplier.com,4.4,ES,true,2023-10-03T01:44:45Z
sup_135,Wind Valley Supply Co Ltd,wind.valley.supply.co.ltd@supplier.com,2.9,BE,true,2019-01-21T09:39:03Z
sup_136,Lake Noble Partners Inc,lake.noble.partners.inc@supplier.com,4,ZA,true,2020-06-23T01:21:38Z
sup_137,Beta Lightning Enterprises Corp,beta.lightning.enterprises.corp@supplier.com,1.3,DE,true,2023-03-20T10:31:10Z
sup_138,Lunar Forest Systems,lunar.forest.systems@supplier.com,1.7,MX,true,2019-06-24T13:59:07Z
sup_139,Star Mountain Supply Co Corp,star.mountain.supply.co.corp@supplier.com,4.9,NO,true,2021-04-01T16:53:19Z
sup_140,Royal Ocean Industries,royal.ocean.industries@supplier.com,2.5,GB,true,2024-04-16T21:42:17Z
sup_141,Solar Mountain Materials AG,solar.mountain.materials.ag@supplier.com,2.4,CN,true,2019-12-08T09:11:23Z
sup_142,Summit Lake International Corp,summit.lake.international.corp@supplier.com,1,TW,true,2023-07-08T19:45:35Z
sup_143,Alpha Peak Enterprises Corp,alpha.peak.enterprises.corp@supplier.com,2.6,NL,true,2021-07-08T19:04:04Z
sup_144,Urban Lunar Trading Pty Ltd,urban.lunar.trading.pty.ltd@supplier.com,2.1,NL,true,2020-03-20T21:50:31Z
sup_145,Solar Beta Solutions Corp,@nodomain.com,2,BE,true,2020-03-22T09:23:59Z
sup_146,Beta Prime International LLC,not-an-email,4.3,SG,true,2024-02-09T18:10:25Z
sup_147,Gamma Metro Trading Pty Ltd,gamma.metro.trading.pty.ltd@supplier.com,3.2,DE,true,2022-02-19T19:08:09Z
sup_148,River Crown Corporation AG,river.crown.corporation.ag@supplier.com,4.7,IL,true,2020-12-22T05:17:11Z
sup_149,Gamma Beta Solutions,gamma.beta.solutions@supplier.com,3.1,TW,true,2019-08-19T21:33:20Z
sup_150,River Gamma Partners LLC,river.gamma.partners.llc@supplier.com,2,IN,true,2024-01-17T02:01:03Z
sup_151,Lunar Crown Industries,lunar.crown.industries@supplier.com,1.2,CH,true,2020-08-24T22:58:20Z
sup_152,Core Lake Group AB,core.lake.group.ab@supplier.com,3.5,CZ,true,2024-05-04T18:08:01Z
sup_153,Core Gamma International Ltd,core.gamma.international.ltd@supplier.com,2.8,BE,true,2023-12-11T18:33:22Z
sup_154,Forest River Solutions AG,forest.river.solutions.ag@supplier.com,4.1,ZA,true,2024-05-10T16:30:22Z
sup_155,Star Forest Manufacturing,star.forest.manufacturing@supplier.com,,FI,true,2021-04-02T16:19:56Z
sup_156,Elite Core Corporation AG,elite.core.corporation.ag@supplier.com,3.7,KR,true,2020-12-28T10:37:51Z
sup_157,Core Metro Partners AG,core.metro.partners.ag@supplier.com,2.3,FI,false,2020-10-04T04:20:28Z
sup_158,Thunder Alpha Corporation Corp,thunder.alpha.corporation.corp@supplier.com,1,DK,true,2024-04-02T06:46:15Z
sup_159,Lunar Peak Services AG,lunar.peak.services.ag@supplier.com,3.4,ES,true,2024-02-04T01:30:44Z
sup_160,Royal Storm Materials Inc,royal.storm.materials.inc@supplier.com,3.1,BR,true,2022-11-17T07:20:56Z
sup_161,Lunar Solar Corporation AB,lunar.solar.corporation.ab@supplier.com,3,KR,true,2023-10-16T19:37:27Z
sup_162,Royal Peak Systems S.A.,royal.peak.systems.s.a@supplier.com,2.5,BE,true,2020-06-12T02:08:57Z
sup_163,Urban Metro Enterprises Inc,urban.metro.enterprises.inc@supplier.com,3.5,TW,true,2024-08-08T14:19:17Z
sup_164,Elite Metro Systems,elite.metro.systems@supplier.com,1.1,IN,true,2022-07-20T10:54:15Z
sup_165,Storm Prime International GmbH,storm.prime.international.gmbh@supplier.com,1.8,NL,true,2020-10-01T04:37:11Z
sup_166,Elite Grand Supply Co Inc,elite.grand.supply.co.inc@supplier.com,3.3,NZ,false,2024-12-15T22:51:50Z
sup_167,Metro Thunder Trading S.A.,metro.thunder.trading.s.a@supplier.com,2.1,CZ,true,2022-11-24T01:27:55Z
sup_168,Delta Ocean Resources GmbH,delta.ocean.resources.gmbh@supplier.com,3.7,MX,true,2021-05-11T02:36:35Z
sup_169,Mountain Royal Trading Ltd,mountain.royal.trading.ltd@supplier.com,4.2,PL,true,2024-02-07T10:47:28Z
sup_170,Coastal Crown Services Corp,coastal.crown.services.corp@supplier.com,3,PL,true,2022-08-18T03:16:49Z
sup_171,Mountain Lightning Systems GmbH,mountain.lightning.systems.gmbh@supplier.com,2.4,CZ,true,2021-06-15T13:23:24Z
sup_172,Summit Solar Solutions Corp,summit.solar.solutions.corp@supplier.com,4.9,CA,true,2024-09-27T07:19:24Z
sup_173,Gamma Solar Services AG,gamma.solar.services.ag@supplier.com,4.7,NL,false,2022-06-18T07:57:10Z
sup_174,Metro Beta Industries,metro.beta.industries@supplier.com,4.5,CZ,true,2019-08-28T01:39:46Z
sup_175,Coastal Star Partners Corp,coastal.star.partners.corp@supplier.com,4.7,KR,true,2021-05-10T18:18:46Z
sup_176,Peak Grand Group S.A.,peak.grand.group.s.a@supplier.com,1.4,FR,true,2019-09-23T14:24:50Z
sup_177,Ocean Prime Partners Ltd,ocean.prime.partners.ltd@supplier.com,1.3,FI,true,2022-03-02T21:50:14Z
sup_178,Solar Elite Solutions AG,solar.elite.solutions.ag@supplier.com,3.1,AT,true,2023-04-08T14:47:36Z
sup_179,Royal Valley International Corp,royal.valley.international.corp@supplier.com,1.3,PL,true,2023-05-01T17:48:12Z
sup_180,Alpha Forest Solutions Inc,alpha.forest.solutions.inc@supplier.com,1.3,ES,true,2020-03-11T12:52:42Z
sup_181,Noble Beta Resources GmbH,noble.beta.resources.gmbh@supplier.com,4.4,MX,false,2022-12-24T15:37:23Z
sup_182,Alpha Star Services AB,alpha.star.services.ab@supplier.com,1.9,KR,true,2022-10-11T03:59:44Z
sup_183,Ocean River Services LLC,ocean.river.services.llc@supplier.com,4.3,IL,true,2022-11-21T22:45:04Z
sup_184,Elite Grand Trading,elite.grand.trading@supplier.com,3.6,ZA,true,2023-02-09T23:28:06Z
sup_185,Metro Grand Solutions AB,metro.grand.solutions.ab@supplier.com,4.6,CH,true,2019-08-15T10:20:17Z
sup_186,Delta River Partners S.A.,delta.river.partners.s.a@supplier.com,1.7,JP,true,2021-12-27T14:28:16Z
sup_187,Valley Royal Group AB,valley.royal.group.ab@supplier.com,2.8,JP,true,2022-05-15T00:30:35Z
sup_188,Beta Crown Technologies GmbH,beta.crown.technologies.gmbh@supplier.com,1.3,AT,true,2021-01-26T11:56:56Z
sup_189,Royal Solar Materials Pty Ltd,royal.solar.materials.pty.ltd@supplier.com,2.7,DK,true,2023-01-10T17:00:24Z
sup_190,Peak Star Supply Co GmbH,peak.star.supply.co.gmbh@supplier.com,4.4,IL,false,2022-12-26T07:18:33Z
sup_191,Summit Alpha Corporation Corp,summit.alpha.corporation.corp@supplier.com,2.4,PL,true,2021-08-15T01:37:22Z
sup_192,Lightning River Solutions S.A.,lightning.river.solutions.s.a@supplier.com,1.6,PL,true,2023-09-03T04:12:55Z
sup_193,Crown Star Enterprises Corp,crown.star.enterprises.corp@supplier.com,2,AU,true,2022-11-23T05:02:47Z
sup_194,Metro Mountain Group Pty Ltd,metro.mountain.group.pty.ltd@supplier.com,4,SG,true,2019-07-25T05:28:10Z
sup_195,Lake Metro Supply Co S.A.,lake.metro.supply.co.s.a@supplier.com,4.6,ZA,true,2021-10-21T12:54:57Z
sup_196,Coastal Omega Technologies Pty Ltd,coastal.omega.technologies.pty.ltd@supplier.com,1.3,CA,true,2019-05-20T05:54:59Z
sup_197,Valley Lunar Trading LLC,valley.lunar.trading.llc@supplier.com,4,ZA,false,2024-01-09T10:32:22Z
sup_198,Elite Lightning Group AB,elite.lightning.group.ab@supplier.com,3.3,MX,true,2019-03-05T15:55:53Z
sup_199,Thunder Elite Enterprises Corp,thunder.elite.enterprises.corp@supplier.com,4.5,DK,true,2020-11-16T18:56:02Z
sup_200,Beta Thunder Enterprises Pty Ltd,beta.thunder.enterprises.pty.ltd@supplier.com,3.4,US,true,2021-03-07T08:41:40Z
sup_201,Omega Coastal Corporation AG,omega.coastal.corporation.ag@supplier.com,1.4,FR,true,2020-04-16T08:57:40Z
sup_202,Thunder Lake Group S.A.,thunder.lake.group.s.a@supplier.com,3.9,ES,true,2021-06-15T03:47:23Z
sup_203,Delta Core Technologies,delta.core.technologies@supplier.com,3.8,CH,true,2021-11-18T08:54:57Z
sup_204,Delta Crown Supply Co S.A.,delta.crown.supply.co.s.a@supplier.com,4.7,AU,true,2020-06-05T13:46:05Z
sup_205,Summit Beta Solutions AG,summit.beta.solutions.ag@supplier.com,2.4,US,true,2020-11-08T06:40:36Z
sup_206,Lunar Thunder Industries Ltd,lunar.thunder.industries.ltd@supplier.com,3.3,TW,true,2024-08-28T05:23:21Z
sup_207,Alpha Mountain Enterprises Ltd,alpha.mountain.enterprises.ltd@supplier.com,2.3,NZ,false,2019-02-16T07:43:56Z
sup_208,Storm Solar Supply Co Ltd,storm.solar.supply.co.ltd@supplier.com,2.3,SG,true,2023-09-16T21:52:40Z
sup_209,Omega Lunar Corporation Ltd,omega.lunar.corporation.ltd@supplier.com,4.5,CH,true,2024-04-18T12:05:59Z
sup_210,Beta Lightning Services Ltd,beta.lightning.services.ltd@supplier.com,4.9,JP,true,2022-01-21T21:19:04Z
sup_211,Omega Lake Enterprises Ltd,omega.lake.enterprises.ltd@supplier.com,2.1,MX,true,2021-02-11T14:23:30Z
sup_212,Mountain Metro Corporation Inc,mountain.metro.corporation.inc@supplier.com,2.5,FI,true,2023-09-14T23:29:35Z
sup_213,Gamma Lightning Supply Co GmbH,gamma.lightning.supply.co.gmbh@supplier.com,1.8,NO,true,2020-03-13T10:29:49Z
sup_214,Forest Metro Enterprises AG,forest.metro.enterprises.ag@supplier.com,1.4,GB,true,2023-12-20T18:40:06Z
sup_215,Coastal Omega Corporation,coastal.omega.corporation@supplier.com,2,NL,true,2022-07-18T04:15:15Z
sup_216,Noble Royal Resources S.A.,noble.royal.resources.s.a@supplier.com,4.9,CN,true,2024-11-03T02:32:35Z
sup_217,Elite Core Partners GmbH,elite.core.partners.gmbh@supplier.com,,CN,true,2024-03-19T04:59:13Z
sup_218,Peak Solar Services GmbH,peak.solar.services.gmbh@supplier.com,5,ES,true,2024-02-21T23:15:51Z
sup_219,Elite Summit Materials LLC,elite.summit.materials.llc@supplier.com,4.9,AU,true,2024-04-28T08:29:11Z
sup_220,Metro Grand Corporation Pty Ltd,metro.grand.corporation.pty.ltd@supplier.com,4,IL,true,2023-09-08T16:49:27Z
sup_221,Lightning Coastal Corporation Corp,lightning.coastal.corporation.corp@supplier.com,3.5,ES,true,2020-05-20T13:25:07Z
sup_222,Storm Star Supply Co Pty Ltd,storm.star.supply.co.pty.ltd@supplier.com,1.8,FR,true,2021-07-14T14:57:09Z
sup_223,Crown Crown Technologies Corp,crown.crown.technologies.corp@supplier.com,4.2,CH,true,2021-02-05T18:46:38Z
sup_224,Gamma Lightning Partners AG,gamma.lightning.partners.ag@supplier.com,2.7,ZA,false,2019-02-28T20:03:18Z
sup_225,River Gamma Services Ltd,river.gamma.services.ltd@supplier.com,3,NL,true,2019-05-11T01:35:43Z
sup_226,Coastal Wind Group Corp,coastal.wind.group.corp@supplier.com,4.7,KR,true,2020-01-03T09:16:52Z
sup_227,Crown Summit Solutions Ltd,crown.summit.solutions.ltd@supplier.com,4.9,FR,true,2019-04-20T14:13:14Z
sup_228,Omega River Services AB,omega.river.services.ab@supplier.com,1.3,AU,true,2022-08-12T09:30:09Z
sup_229,Forest Lunar Materials AG,forest.lunar.materials.ag@supplier.com,1.2,ES,true,2019-12-06T00:44:08Z
sup_230,Star Forest Trading Inc,star.forest.trading.inc@supplier.com,3.8,BE,true,2021-10-09T15:28:31Z
sup_231,River Crown Supply Co S.A.,river.crown.supply.co.s.a@supplier.com,,AT,true,2019-06-07T18:49:33Z
sup_232,Core Coastal Materials S.A.,core.coastal.materials.s.a@supplier.com,4.5,PL,true,2022-03-07T23:32:08Z
sup_233,Grand Coastal Group Pty Ltd,grand.coastal.group.pty.ltd@supplier.com,2.8,KR,true,2020-11-25T13:33:25Z
sup_234,Summit Core Technologies LLC,summit.core.technologies.llc@supplier.com,2,SE,true,2020-02-09T19:41:01Z
sup_235,Omega Ocean Supply Co GmbH,omega.ocean.supply.co.gmbh@supplier.com,2.8,DK,true,2023-02-18T01:44:45Z
sup_236,Forest River Systems Corp,forest.river.systems.corp@supplier.com,2.8,CH,true,2019-12-20T22:34:51Z
sup_237,Wind Gamma Trading,wind.gamma.trading@supplier.com,3.1,ZA,true,2020-11-14T12:42:30Z
sup_238,Omega Lightning Trading AB,omega.lightning.trading.ab@supplier.com,2.5,CN,true,2024-10-12T03:32:39Z
sup_239,Mountain Summit Enterprises Corp,mountain.summit.enterprises.corp@supplier.com,4.2,CN,true,2022-04-23T18:44:23Z
sup_240,Metro Ocean Corporation Pty Ltd,metro.ocean.corporation.pty.ltd@supplier.com,2.3,GB,true,2019-12-28T11:55:12Z
sup_241,Lightning Beta Industries GmbH,lightning.beta.industries.gmbh@supplier.com,4.8,IL,true,2022-07-03T09:26:42Z
sup_242,Omega River Industries AG,omega.river.industries.ag@supplier.com,1,KR,true,2024-02-20T12:58:03Z
sup_243,Storm Gamma Corporation GmbH,storm.gamma.corporation.gmbh@supplier.com,4.8,CA,true,2022-01-18T02:16:27Z
sup_244,Beta Elite Resources Inc,beta.elite.resources.inc@supplier.com,3.4,JP,true,2023-11-16T03:51:53Z
sup_245,Wind Urban Trading Pty Ltd,wind.urban.trading.pty.ltd@supplier.com,2.1,IT,true,2019-12-18T02:47:01Z
sup_246,Peak Crown Supply Co Corp,peak.crown.supply.co.corp@supplier.com,1.9,TW,true,2022-10-26T15:17:18Z
sup_247,Storm Noble Supply Co AB,storm.noble.supply.co.ab@supplier.com,4.2,CZ,true,2023-02-02T04:41:51Z
sup_248,Summit Alpha Systems Corp,summit.alpha.systems.corp@supplier.com,3.7,AT,true,2023-07-08T20:00:07Z
sup_249,Solar Noble Services AB,solar.noble.services.ab@supplier.com,1.6,FI,true,2024-01-03T23:14:11Z
sup_250,Core Ocean Supply Co S.A.,core.ocean.supply.co.s.a@supplier.com,3.6,CZ,true,2021-12-24T04:25:42Z
sup_251,Thunder Elite Manufacturing LLC,thunder.elite.manufacturing.llc@supplier.com,2.8,BE,true,2020-07-11T20:07:13Z
sup_252,Peak Star Systems Pty Ltd,peak.star.systems.pty.ltd@supplier.com,3.3,FI,true,2020-04-23T01:50:29Z
sup_253,Elite Lunar Resources AG,elite.lunar.resources.ag@supplier.com,2.8,DE,true,2020-09-28T00:59:57Z
sup_254,Peak Elite Group Ltd,peak.elite.group.ltd@supplier.com,4.9,SE,true,2021-12-20T04:39:15Z
sup_255,Peak Elite Industries LLC,peak.elite.industries.llc@supplier.com,2.1,SE,true,2023-09-26T07:15:43Z
sup_256,Summit Royal Services LLC,summit.royal.services.llc@supplier.com,3.2,NL,true,2022-05-21T21:54:21Z
sup_257,Storm Noble Technologies GmbH,storm.noble.technologies.gmbh@supplier.com,2.5,DK,false,2022-04-23T16:10:51Z
sup_258,Core Elite Enterprises Corp,core.elite.enterprises.corp@supplier.com,2.4,KR,true,2021-11-08T19:29:08Z
sup_259,Lake Delta Corporation GmbH,lake.delta.corporation.gmbh@supplier.com,2.4,MX,true,2019-09-18T20:05:01Z
sup_260,Star Lightning Materials AB,star.lightning.materials.ab@supplier.com,4.3,NZ,true,2020-02-14T20:26:35Z
sup_261,Beta Alpha Corporation Ltd,beta.alpha.corporation.ltd@supplier.com,1.1,GER,true,2024-06-12T21:19:20Z
sup_262,Star Alpha Enterprises AB,star.alpha.enterprises.ab@supplier.com,4,US,true,2019-09-22T14:32:50Z
sup_263,Noble Forest Resources GmbH,noble.forest.resources.gmbh@supplier.com,1.3,IL,true,2023-04-22T23:29:28Z
sup_264,Metro Gamma Industries Ltd,metro.gamma.industries.ltd@supplier.com,4.9,FI,true,2020-05-28T11:08:53Z
sup_265,Wind Alpha Enterprises AB,wind.alpha.enterprises.ab@supplier.com,3.2,KR,true,2024-02-21T02:44:03Z
sup_266,Storm Lightning Systems Pty Ltd,storm.lightning.systems.pty.ltd@supplier.com,1.6,IT,true,2024-12-27T23:21:28Z
sup_267,Core Peak Solutions S.A.,core.peak.solutions.s.a@supplier.com,3.8,ES,true,2024-12-25T04:12:45Z
sup_268,Crown Valley Technologies,crown.valley.technologies@supplier.com,1.9,CN,true,2023-01-06T19:00:20Z
sup_269,Summit Elite Group S.A.,summit.elite.group.s.a@supplier.com,1,SE,true,2023-11-05T03:09:51Z
sup_270,Urban Gamma Group AG,urban.gamma.group.ag@supplier.com,1.9,TW,true,2022-03-09T00:27:01Z
sup_271,Star Forest Group LLC,star.forest.group.llc@supplier.com,4.5,SG,true,2022-01-16T16:22:41Z
sup_272,Beta Urban Industries Ltd,beta.urban.industries.ltd@supplier.com,3.7,SE,true,2024-10-15T03:02:43Z
sup_273,Elite Lake Systems Pty Ltd,elite.lake.systems.pty.ltd@supplier.com,,AT,true,2022-05-12T00:58:58Z
sup_274,Solar Elite Systems LLC,solar.elite.systems.llc@supplier.com,2.7,CH,true,2019-05-02T00:51:10Z
sup_275,Alpha Mountain Industries LLC,alpha.mountain.industries.llc@supplier.com,2,GB,true,2021-05-08T23:06:17Z
sup_276,Storm Coastal Resources GmbH,storm.coastal.resources.gmbh@supplier.com,,BE,true,2022-04-10T16:30:12Z
sup_277,Royal Mountain Technologies Ltd,royal.mountain.technologies.ltd@supplier.com,1.7,US,true,2023-07-23T00:05:38Z
sup_278,Lightning Beta Solutions Inc,lightning.beta.solutions.inc@supplier.com,1.5,NZ,true,2024-05-20T01:12:53Z
sup_279,Noble Thunder Enterprises AG,noble.thunder.enterprises.ag@supplier.com,3.4,AT,true,2024-10-10T21:46:09Z
sup_280,Mountain Gamma Supply Co Corp,mountain.gamma.supply.co.corp@supplier.com,1.8,SE,true,2023-06-06T16:06:43Z
sup_281,Crown Noble Materials S.A.,crown.noble.materials.s.a@supplier.com,4.7,CN,true,2021-10-25T02:28:15Z
sup_282,Wind Storm Technologies LLC,wind.storm.technologies.llc@supplier.com,2.5,GB,true,2024-09-02T08:41:59Z
sup_283,Peak Royal Supply Co LLC,peak.royal.supply.co.llc@supplier.com,4.1,SG,true,2020-10-06T09:23:25Z
sup_284,Valley Ocean Enterprises Pty Ltd,valley.ocean.enterprises.pty.ltd@supplier.com,1.2,SE,true,2022-12-15T22:49:34Z
sup_285,Noble Thunder Partners Corp,noble.thunder.partners.corp@supplier.com,4.4,NZ,true,2019-05-14T05:20:26Z
sup_286,Coastal Alpha Materials,coastal.alpha.materials@supplier.com,4.9,CZ,true,2020-06-28T13:49:40Z
sup_287,Ocean Peak Technologies AB,ocean.peak.technologies.ab@supplier.com,3.1,ES,true,2020-02-05T09:59:48Z
sup_288,Lunar Elite Systems AB,lunar.elite.systems.ab@supplier.com,3.2,CZ,true,2019-04-02T13:34:10Z
sup_289,Crown Storm Corporation LLC,crown.storm.corporation.llc@supplier.com,3.6,DE,true,2023-10-25T23:33:44Z
sup_290,Solar Wind Enterprises AB,solar.wind.enterprises.ab@supplier.com,1.7,FI,true,2024-03-01T20:54:12Z
sup_291,River Urban Industries S.A.,river.urban.industries.s.a@supplier.com,3.5,AU,true,2021-12-25T12:59:49Z
sup_292,Storm Beta Enterprises Ltd,storm.beta.enterprises.ltd@supplier.com,2.2,US,true,2023-07-23T19:59:32Z
sup_293,Alpha Wind Resources LLC,alpha.wind.resources.llc@supplier.com,1.3,CN,true,2023-10-06T12:09:06Z
sup_294,Peak Coastal Manufacturing Pty Ltd,peak.coastal.manufacturing.pty.ltd@supplier.com,1.8,TW,true,2022-04-19T13:55:51Z
sup_295,Wind Gamma Systems AG,wind.gamma.systems.ag@supplier.com,2.8,BR,true,2023-03-07T14:27:54Z
sup_296,Forest Grand Services AG,forest.grand.services.ag@supplier.com,1,NO,true,2020-01-21T18:39:58Z
sup_297,Urban Lake Supply Co AB,urban.lake.supply.co.ab@supplier.com,4.5,CZ,true,2023-09-03T01:10:07Z
sup_298,Core Core Systems Inc,core.core.systems.inc@supplier.com,4.9,GB,true,2021-11-11T11:22:12Z
sup_299,Forest Mountain Partners S.A.,forest.mountain.partners.s.a@supplier.com,2.5,DE,true,2024-10-18T00:53:18Z
sup_300,Alpha River Corporation Ltd,alpha.river.corporation.ltd@supplier.com,3.1,NZ,true,2022-01-10T17:48:44Z
sup_301,Forest Lightning Partners Corp,forest.lightning.partners.corp@supplier.com,1.7,US,true,2021-09-13T12:54:39Z
sup_302,Coastal Coastal Materials LLC,coastal.coastal.materials.llc@supplier.com,3.9,ZA,true,2020-06-02T22:07:10Z
sup_303,Coastal Coastal Enterprises LLC,coastal.coastal.enterprises.llc@supplier.com,2.4,CZ,false,2021-01-04T15:54:42Z
sup_304,Forest Coastal Supply Co LLC,forest.coastal.supply.co.llc@supplier.com,1.7,TW,true,2022-03-14T20:11:29Z
sup_305,Royal Valley Enterprises Corp,royal.valley.enterprises.corp@supplier.com,1.8,SG,true,2022-08-02T17:24:09Z
sup_306,Mountain Storm Technologies AG,mountain.storm.technologies.ag@supplier.com,4.6,CZ,true,2022-01-16T07:45:14Z
sup_307,Storm Prime Resources Corp,storm.prime.resources.corp@supplier.com,1.2,ZA,true,2023-11-03T12:57:47Z
sup_308,Forest Star Technologies LLC,forest.star.technologies.llc@supplier.com,2.3,NZ,true,2021-01-08T09:35:31Z
sup_309,Wind Mountain Manufacturing Pty Ltd,wind.mountain.manufacturing.pty.ltd@supplier.com,4.3,NL,true,2022-05-17T00:50:48Z
sup_310,Valley Prime Materials Corp,valley.prime.materials.corp@supplier.com,2.2,MX,true,2023-05-06T08:17:39Z
sup_311,Elite Crown Systems Ltd,elite.crown.systems.ltd@supplier.com,3.1,CH,true,2019-08-04T11:28:30Z
sup_312,Solar Metro Services,solar.metro.services@supplier.com,3.5,DE,true,2024-09-11T18:40:13Z
sup_313,Ocean Alpha Services LLC,ocean.alpha.services.llc@supplier.com,4.4,MEX,true,2023-08-13T07:44:28Z
sup_314,Alpha River Group S.A.,alpha.river.group.s.a@supplier.com,5,CA,true,2020-01-04T14:59:41Z
sup_315,Lightning Royal Supply Co,lightning.royal.supply.co@supplier.com,2.7,SG,true,2022-11-18T05:54:11Z
sup_316,River Summit Trading S.A.,river.summit.trading.s.a@supplier.com,3.2,IL,true,2019-11-01T12:36:14Z
sup_317,Metro Lunar Enterprises GmbH,metro.lunar.enterprises.gmbh@supplier.com,3.6,GB,true,2024-01-16T05:59:43Z
sup_318,Lake Coastal Industries Inc,lake.coastal.industries.inc@supplier.com,3.5,KR,true,2022-04-17T18:50:37Z
sup_319,Storm Star Supply Co,storm.star.supply.co@supplier.com,2.7,MX,true,2023-12-17T08:23:07Z
sup_320,Alpha Crown Manufacturing Corp,alpha.crown.manufacturing.corp@supplier.com,4.3,JP,true,2022-09-20T05:14:33Z
sup_321,Coastal Delta International S.A.,coastal.delta.international.s.a@supplier.com,1.2,NO,true,2020-01-14T00:34:13Z
sup_322,Elite Metro Corporation Inc,elite.metro.corporation.inc@supplier.com,2.1,CN,true,2019-01-03T15:39:07Z
sup_323,Core Noble Systems GmbH,core.noble.systems.gmbh@supplier.com,2.7,BE,true,2023-10-11T15:07:32Z
sup_324,Alpha Crown International GmbH,alpha.crown.international.gmbh@supplier.com,4.1,BR,true,2019-08-01T05:43:48Z
sup_325,Thunder Thunder Corporation Ltd,thunder.thunder.corporation.ltd@supplier.com,2.3,IT,true,2022-02-10T05:14:33Z
sup_326,Delta Storm Services S.A.,delta.storm.services.s.a@supplier.com,4.7,CH,true,2021-01-27T23:33:51Z
sup_327,Lunar Grand Materials Inc,lunar.grand.materials.inc@supplier.com,4.4,DE,false,2021-08-21T23:36:38Z
sup_328,Beta Lunar International AB,beta.lunar.international.ab@supplier.com,1.2,AT,true,2019-03-16T07:54:37Z
sup_329,Delta Lightning Group Corp,delta.lightning.group.corp@supplier.com,2.7,ZA,true,2020-02-23T05:13:28Z
sup_330,Wind Delta Group Pty Ltd,wind.delta.group.pty.ltd@supplier.com,4.9,NO,true,2023-12-05T13:53:16Z
sup_331,Lake Crown International AG,lake.crown.international.ag@supplier.com,1.8,AU,true,2024-08-02T20:45:54Z
sup_332,Star Solar Corporation Corp,star.solar.corporation.corp@supplier.com,4.7,NZ,true,2020-09-12T08:10:26Z
sup_333,Lake Noble Corporation AG,lake.noble.corporation.ag@supplier.com,1.1,PL,false,2020-01-11T07:23:35Z
sup_334,Omega Lunar Services GmbH,omega.lunar.services.gmbh@supplier.com,3.2,GB,true,2020-09-28T13:08:19Z
sup_335,Alpha Solar Corporation Inc,alpha.solar.corporation.inc@supplier.com,4.9,TW,true,2020-09-09T22:32:43Z
sup_336,Prime Core Materials Pty Ltd,prime.core.materials.pty.ltd@supplier.com,1.3,BE,true,2019-09-05T04:05:44Z
sup_337,Prime Ocean Materials S.A.,prime.ocean.materials.s.a@supplier.com,4.8,KR,true,2022-11-02T19:20:47Z
sup_338,Solar Gamma Manufacturing Pty Ltd,solar.gamma.manufacturing.pty.ltd@supplier.com,1.5,DK,true,2019-05-21T09:17:48Z
sup_339,Prime Core Group Corp,prime.core.group.corp@supplier.com,1.3,SG,true,2019-09-04T09:27:10Z
sup_340,Crown Star Materials Ltd,crown.star.materials.ltd@supplier.com,3.1,IE,true,2022-02-12T10:42:13Z
sup_341,Peak Urban Services AG,peak.urban.services.ag@supplier.com,4.8,IN,false,2019-06-11T09:30:53Z
sup_342,Forest Solar Solutions,forest.solar.solutions@supplier.com,4.3,FR,true,2020-08-23T09:07:00Z
sup_343,Lightning Noble Technologies S.A.,lightning.noble.technologies.s.a@supplier.com,3.1,KR,true,2023-01-02T20:30:42Z
sup_344,Beta Lightning Corporation GmbH,beta.lightning.corporation.gmbh@supplier.com,4,ES,true,2020-06-03T12:33:56Z
sup_345,Summit Urban Systems Pty Ltd,summit.urban.systems.pty.ltd@supplier.com,2,FI,true,2019-02-04T17:36:48Z
sup_346,Summit Forest Group GmbH,summit.forest.group.gmbh@supplier.com,3.8,BR,true,2023-02-19T11:05:06Z
sup_347,Core Wind International AB,core.wind.international.ab@supplier.com,1,ZA,true,2024-01-08T08:56:25Z
sup_348,Metro Omega Trading LLC,metro.omega.trading.llc@supplier.com,4,NO,true,2019-07-02T21:58:12Z
sup_349,Peak Royal Resources AB,peak.royal.resources.ab@supplier.com,1.3,CH,true,2022-01-19T23:02:27Z
sup_350,Thunder Storm Corporation S.A.,thunder.storm.corporation.s.a@supplier.com,,JP,true,2022-02-17T04:57:56Z
sup_351,Elite Summit Services Ltd,elite.summit.services.ltd@supplier.com,4,FI,true,2021-09-13T11:58:05Z
sup_352,Lunar Omega Industries Inc,lunar.omega.industries.inc@supplier.com,2.5,SE,true,2020-12-18T05:00:38Z
sup_353,Forest Urban Services LLC,forest.urban.services.llc@supplier.com,1.6,CA,true,2019-11-08T23:25:36Z
sup_354,Elite Forest Supply Co S.A.,elite.forest.supply.co.s.a@supplier.com,3.7,NO,true,2020-11-14T15:11:44Z
sup_355,Beta Elite Trading Inc,beta.elite.trading.inc@supplier.com,1.1,NO,true,2022-05-24T02:52:25Z
sup_356,Grand Omega Industries S.A.,grand.omega.industries.s.a@supplier.com,4.7,ES,true,2024-06-28T09:27:43Z
sup_357,Coastal Ocean Manufacturing GmbH,coastal.ocean.manufacturing.gmbh@supplier.com,3.9,NO,true,2020-04-22T14:02:25Z
sup_358,Core Alpha Technologies,core.alpha.technologies@supplier.com,3.5,FI,true,2024-01-03T12:54:24Z
sup_359,Peak Urban Technologies AG,peak.urban.technologies.ag@supplier.com,4.5,US,true,2021-05-20T01:34:01Z
sup_360,Wind Lightning Group AG,wind.lightning.group.ag@supplier.com,4.1,CA,true,2020-06-14T23:31:20Z
sup_361,Summit Royal Industries Pty Ltd,summit.royal.industries.pty.ltd@supplier.com,1.8,CH,true,2023-06-27T02:43:20Z
sup_362,Beta Forest International Pty Ltd,beta.forest.international.pty.ltd@supplier.com,4.9,JP,true,2019-06-20T11:25:34Z
sup_363,Lunar Core International S.A.,lunar.core.international.s.a@supplier.com,3.3,SG,true,2023-03-03T16:14:32Z
sup_364,Mountain Omega Resources Inc,mountain.omega.resources.inc@supplier.com,4,CH,true,2020-11-18T14:24:28Z
sup_365,Crown Core Corporation,crown.core.corporation@supplier.com,4.4,DE,true,2019-06-15T10:13:19Z
sup_366,Prime River Group S.A.,prime.river.group.s.a@supplier.com,4.8,MX,true,2024-10-20T14:33:20Z
sup_367,Lightning Omega Trading Ltd,lightning.omega.trading.ltd@supplier.com,3.9,CZ,true,2024-12-25T17:34:55Z
sup_368,Lightning Omega Manufacturing S.A.,lightning.omega.manufacturing.s.a@supplier.com,3.5,IE,true,2023-12-22T05:12:27Z
sup_369,Crown Valley Manufacturing LLC,crown.valley.manufacturing.llc@supplier.com,3.8,IE,true,2022-06-21T12:50:43Z
sup_370,Noble Crown Resources,noble.crown.resources@supplier.com,2.2,GB,true,2019-08-07T19:05:12Z
sup_371,Solar Wind Trading GmbH,solar.wind.trading.gmbh@supplier.com,1.8,US,true,2023-09-26T09:49:01Z
sup_372,Gamma Summit Group LLC,gamma.summit.group.llc@supplier.com,1.4,AU,true,2019-01-16T13:05:21Z
sup_373,Star Thunder Resources Ltd,star.thunder.resources.ltd@supplier.com,3.2,ES,true,2021-02-14T16:10:18Z
sup_374,Peak Prime Enterprises Corp,peak.prime.enterprises.corp@supplier.com,4.9,GB,true,2023-06-18T19:31:21Z
sup_375,Lightning Thunder Industries AB,lightning.thunder.industries.ab@supplier.com,2.7,FI,true,2019-06-03T15:42:34Z
sup_376,Noble Peak Enterprises Corp,noble.peak.enterprises.corp@supplier.com,5,IN,true,2021-04-06T07:10:39Z
sup_377,Mountain Noble Enterprises S.A.,mountain.noble.enterprises.s.a@supplier.com,3.2,GB,true,2024-06-13T13:29:04Z
sup_378,Prime Metro Services LLC,prime.metro.services.llc@supplier.com,3.9,TW,true,2022-09-12T02:59:04Z
sup_379,Delta Metro Corporation Pty Ltd,delta.metro.corporation.pty.ltd@supplier.com,2.5,IE,true,2020-03-06T05:05:36Z
sup_380,Delta Mountain Industries,delta.mountain.industries@supplier.com,2,SE,true,2020-05-05T03:43:09Z
sup_381,Valley River Manufacturing LLC,valley.river.manufacturing.llc@supplier.com,4.2,CZ,true,2020-02-12T14:00:52Z
sup_382,Prime Mountain Partners S.A.,prime.mountain.partners.s.a@supplier.com,3.1,AU,true,2022-12-23T15:39:56Z
sup_383,Noble Alpha Solutions GmbH,noble.alpha.solutions.gmbh@supplier.com,2.9,CN,false,2023-10-12T10:46:01Z
sup_384,Noble Omega Partners LLC,noble.omega.partners.llc@supplier.com,3,DE,true,2021-07-22T14:55:46Z
sup_385,Star River Group AB,star.river.group.ab@supplier.com,4.4,SG,true,2022-10-26T22:29:42Z
sup_386,Lake Elite Resources,lake.elite.resources@supplier.com,1.3,NL,true,2019-05-23T04:07:44Z
sup_387,Gamma Thunder Manufacturing AB,gamma.thunder.manufacturing.ab@supplier.com,4.5,IT,true,2021-05-22T08:56:59Z
sup_388,Wind Core Resources S.A.,wind.core.resources.s.a@supplier.com,1.9,TW,true,2021-03-11T19:10:44Z
sup_389,Star Mountain Services AG,star.mountain.services.ag@supplier.com,4.2,CZ,true,2023-08-20T12:08:52Z
sup_390,Mountain Prime Trading,mountain.prime.trading@supplier.com,2.4,IT,true,2019-01-04T06:52:14Z
sup_391,Mountain Crown Group GmbH,mountain.crown.group.gmbh@supplier.com,2.8,IN,true,2022-12-27T07:10:01Z
sup_392,Wind Prime Trading Inc,wind.prime.trading.inc@supplier.com,1.8,CN,true,2019-05-21T14:20:44Z
sup_393,Peak Noble Supply Co,peak.noble.supply.co@supplier.com,3.5,BE,true,2020-04-27T19:36:53Z
sup_394,Lake Wind Materials,lake.wind.materials@supplier.com,4.1,AT,true,2023-05-11T07:14:20Z
sup_395,Gamma Valley Partners S.A.,gamma.valley.partners.s.a@supplier.com,2.8,IN,true,2020-04-27T10:47:37Z
sup_396,Coastal Royal Enterprises Corp,coastal.royal.enterprises.corp@supplier.com,1.8,MX,true,2019-11-22T08:33:33Z
sup_397,Urban River Industries S.A.,urban.river.industries.s.a@supplier.com,4.6,GB,true,2019-01-24T06:05:17Z
sup_398,Omega Noble Enterprises Ltd,omega.noble.enterprises.ltd@supplier.com,2.7,NZ,true,2020-12-13T15:05:31Z
sup_399,Solar Peak Supply Co,solar.peak.supply.co@supplier.com,1.4,SE,true,2020-04-03T06:17:23Z
sup_400,Peak Gamma Industries Pty Ltd,peak.gamma.industries.pty.ltd@supplier.com,1.1,CA,true,2024-11-22T00:04:10Z
sup_401,Metro Storm International AB,metro.storm.international.ab@supplier.com,3.6,BR,true,2022-11-04T16:34:31Z
sup_402,Thunder Delta Manufacturing LLC,thunder.delta.manufacturing.llc@supplier.com,4.9,SWI,true,2020-06-28T10:56:09Z
sup_403,Lunar Lunar Resources AG,lunar.lunar.resources.ag@supplier.com,3.4,AU,true,2023-07-18T11:26:39Z
sup_404,Beta Gamma Industries S.A.,beta.gamma.industries.s.a@supplier.com,4.3,BE,true,2019-08-25T02:02:05Z
sup_405,Noble Lightning Manufacturing Ltd,noble.lightning.manufacturing.ltd@supplier.com,3.5,ES,true,2024-04-08T11:24:34Z
sup_406,Lightning Alpha Enterprises S.A.,lightning.alpha.enterprises.s.a@supplier.com,3.6,KR,true,2020-01-01T23:14:56Z
sup_407,Storm Noble Resources AB,storm.noble.resources.ab@supplier.com,2.4,FR,true,2023-01-04T00:21:45Z
sup_408,Lake Coastal Services Inc,lake.coastal.services.inc@supplier.com,1.2,NL,true,2023-04-26T12:23:27Z
sup_409,Beta Prime Services Inc,beta.prime.services.inc@supplier.com,4.4,FI,true,2020-09-18T23:42:10Z
sup_410,Crown Prime Corporation AB,crown.prime.corporation.ab@supplier.com,2.6,GB,true,2019-04-11T14:57:43Z
sup_411,Prime Peak Services,prime.peak.services@supplier.com,4.6,DE,true,2020-10-02T15:56:18Z
sup_412,Grand Lightning Enterprises Corp,grand.lightning.enterprises.corp@supplier.com,2.9,IT,true,2019-01-07T16:49:14Z
sup_413,Royal Thunder Industries GmbH,royal.thunder.industries.gmbh@supplier.com,2.9,FI,true,2022-12-08T17:04:05Z
sup_414,Grand Royal Technologies GmbH,grand.royal.technologies.gmbh@supplier.com,2,PL,true,2021-09-08T21:36:00Z
sup_415,Peak Noble Enterprises LLC,peak.noble.enterprises.llc@supplier.com,2.1,FI,true,2020-01-12T04:27:21Z
sup_416,Forest Ocean Partners Inc,forest.ocean.partners.inc@supplier.com,1.8,IE,true,2021-09-15T16:50:14Z
sup_417,Lightning Lake International GmbH,lightning.lake.international.gmbh@supplier.com,3.5,BR,true,2019-01-18T03:44:31Z
sup_418,Forest Royal Systems S.A.,forest.royal.systems.s.a@supplier.com,3.7,DE,true,2019-03-03T12:18:46Z
sup_419,Star Mountain Solutions AB,star.mountain.solutions.ab@supplier.com,,MX,true,2021-04-14T07:54:23Z
sup_420,Thunder Delta Group Ltd,thunder.delta.group.ltd@supplier.com,3.9,ZA,true,2021-11-03T11:58:17Z
sup_421,Gamma Star Solutions AB,gamma.star.solutions.ab@supplier.com,2.1,SE,true,2024-07-25T15:19:35Z
sup_422,River Urban International AG,river.urban.international.ag@supplier.com,3.1,CN,true,2019-07-07T06:52:19Z
sup_423,Lunar Thunder Corporation Pty Ltd,lunar.thunder.corporation.pty.ltd@supplier.com,1.9,IT,true,2022-03-06T02:35:20Z
sup_424,Wind Metro International LLC,wind.metro.international.llc@supplier.com,3,MX,true,2019-08-19T12:42:13Z
sup_425,Core Gamma Supply Co AG,core.gamma.supply.co.ag@supplier.com,2.7,BE,false,2020-01-02T12:51:02Z
sup_426,Peak Metro Manufacturing,peak.metro.manufacturing@supplier.com,1.1,SE,true,2019-01-03T06:05:05Z
sup_427,Noble Coastal Group Inc,noble.coastal.group.inc@supplier.com,1.1,ZA,true,2022-08-15T20:44:25Z
sup_428,Wind Royal Manufacturing GmbH,wind.royal.manufacturing.gmbh@supplier.com,1,NZ,true,2024-12-20T19:41:54Z
sup_429,Storm Lunar Technologies AG,storm.lunar.technologies.ag@supplier.com,1.9,CH,true,2019-12-10T10:02:46Z
sup_430,Summit Alpha Partners LLC,summit.alpha.partners.llc@supplier.com,2.3,MX,true,2020-08-17T04:10:37Z
sup_431,Omega Core Solutions Corp,omega.core.solutions.corp@supplier.com,3.9,ES,true,2021-07-25T05:38:35Z
sup_432,Urban Summit Systems LLC,urban.summit.systems.llc@supplier.com,1.6,CH,true,2019-01-15T16:38:23Z
sup_433,Noble Lake Corporation AG,noble.lake.corporation.ag@supplier.com,4.5,SG,true,2022-11-04T20:13:18Z
sup_434,Solar Delta Solutions Ltd,solar.delta.solutions.ltd@supplier.com,3.2,CA,true,2023-07-16T04:19:21Z
sup_435,Royal Crown Services GmbH,royal.crown.services.gmbh@supplier.com,3.2,CA,true,2024-02-16T14:24:38Z
sup_436,Thunder Wind Supply Co AG,thunder.wind.supply.co.ag@supplier.com,3.2,GB,true,2024-09-23T16:54:30Z
sup_437,Coastal Elite Corporation LLC,coastal.elite.corporation.llc@supplier.com,2.6,DK,true,2021-02-24T00:35:47Z
sup_438,Valley Forest Services,valley.forest.services@supplier.com,1.3,PL,true,2019-04-27T08:54:15Z
sup_439,Core Lightning Supply Co LLC,core.lightning.supply.co.llc@supplier.com,3.8,IL,true,2019-07-10T23:14:29Z
sup_440,Mountain Storm Corporation AG,mountain.storm.corporation.ag@supplier.com,2.2,ZA,false,2019-08-18T02:55:54Z
sup_441,Omega Alpha Corporation GmbH,omega.alpha.corporation.gmbh@supplier.com,3.1,AT,true,2024-07-14T11:04:39Z
sup_442,Elite Crown Enterprises Inc,elite.crown.enterprises.inc@supplier.com,4.6,TW,true,2024-01-12T13:11:51Z
sup_443,Ocean Royal Manufacturing LLC,ocean.royal.manufacturing.llc@supplier.com,3.9,NL,false,2024-06-16T05:51:00Z
sup_444,Elite Alpha Industries Pty Ltd,elite.alpha.industries.pty.ltd@supplier.com,2.7,US,true,2022-11-24T09:28:58Z
sup_445,Core Noble Supply Co S.A.,core.noble.supply.co.s.a@supplier.com,1.4,FI,true,2023-11-28T19:12:40Z
sup_446,Gamma Thunder International GmbH,gamma.thunder.international.gmbh@supplier.com,2.5,JP,true,2019-03-26T08:01:34Z
sup_447,Urban Wind Systems Ltd,urban.wind.systems.ltd@supplier.com,3.5,CH,true,2019-02-12T01:36:22Z
sup_448,Noble Alpha Systems Inc,noble.alpha.systems.inc@supplier.com,2,SE,true,2021-09-12T01:31:41Z
sup_449,Solar Lake Solutions Ltd,solar.lake.solutions.ltd@supplier.com,1.5,FR,true,2023-05-26T19:54:46Z
sup_450,Wind Peak Services LLC,wind.peak.services.llc@supplier.com,4.2,KR,false,2022-03-17T11:33:03Z
sup_451,Beta Valley Corporation Ltd,beta.valley.corporation.ltd@supplier.com,,NO,true,2024-06-01T08:19:32Z
sup_452,Solar Storm Manufacturing AG,solar.storm.manufacturing.ag@supplier.com,3.9,CH,true,2024-02-18T15:11:30Z
sup_453,Beta River Technologies Ltd,beta.river.technologies.ltd@supplier.com,2.4,DE,true,2023-02-26T23:06:10Z
sup_454,Peak Mountain Services Pty Ltd,peak.mountain.services.pty.ltd@supplier.com,4.5,NO,true,2021-01-27T21:28:27Z
sup_455,Alpha Grand Technologies,alpha.grand.technologies@supplier.com,4.8,GB,true,2023-10-12T16:30:01Z
sup_456,Summit Forest Manufacturing Corp,summit.forest.manufacturing.corp@supplier.com,3.9,FR,true,2021-09-01T01:16:17Z
sup_457,Urban Wind Technologies AG,urban.wind.technologies.ag@supplier.com,4.3,FI,true,2023-05-26T10:55:41Z
sup_458,Peak Omega Supply Co AB,peak.omega.supply.co.ab@supplier.com,2.1,AT,true,2024-12-03T11:20:54Z
sup_459,Solar Elite Solutions Inc,solar.elite.solutions.inc@supplier.com,1.1,CZ,true,2023-10-12T16:03:34Z
sup_460,Mountain Ocean Technologies GmbH,mountain.ocean.technologies.gmbh@supplier.com,1.9,NO,true,2022-05-13T11:17:36Z
sup_461,Coastal Beta Corporation Ltd,coastal.beta.corporation.ltd@supplier.com,2.6,CH,true,2022-01-03T03:11:39Z
sup_462,Urban Grand Trading AG,urban.grand.trading.ag@supplier.com,1.8,KR,true,2019-01-23T03:56:25Z
sup_463,Coastal Noble Enterprises,coastal.noble.enterprises@supplier.com,1.6,DE,true,2023-08-28T04:46:10Z
sup_464,Noble Wind Group Inc,noble.wind.group.inc@supplier.com,3.7,FI,true,2021-08-28T02:47:05Z
sup_465,Urban Coastal Manufacturing Pty Ltd,urban.coastal.manufacturing.pty.ltd@supplier.com,2.3,CA,true,2023-06-12T21:12:46Z
sup_466,Alpha Core Manufacturing LLC,alpha.core.manufacturing.llc@supplier.com,3.2,CZ,true,2019-04-20T02:55:56Z
sup_467,Core Mountain Systems S.A.,core.mountain.systems.s.a@supplier.com,3.5,DE,true,2020-06-11T10:56:42Z
sup_468,Storm Valley Manufacturing Corp,storm.valley.manufacturing.corp@supplier.com,2.8,CN,true,2022-06-22T11:24:47Z
sup_469,Lightning River Resources LLC,lightning.river.resources.llc@supplier.com,2.9,ES,true,2019-03-28T20:41:54Z
sup_470,Omega Urban Solutions AG,omega.urban.solutions.ag@supplier.com,1.4,GB,true,2021-02-19T17:32:47Z
sup_471,Star Alpha Industries Inc,star.alpha.industries.inc@supplier.com,3.9,SG,true,2024-04-14T08:54:03Z
sup_472,River Delta Corporation,river.delta.corporation@supplier.com,1.3,IE,true,2022-12-19T06:31:42Z
sup_473,Valley Omega Partners AB,valley.omega.partners.ab@supplier.com,2.4,US,true,2022-07-26T19:47:05Z
sup_474,Mountain Peak Materials,mountain.peak.materials@supplier.com,1.8,NO,true,2021-01-09T05:26:50Z
sup_475,Ocean Wind Enterprises LLC,ocean.wind.enterprises.llc@supplier.com,4.4,ZA,true,2019-08-13T12:27:00Z
sup_476,Gamma Crown Partners LLC,gamma.crown.partners.llc@supplier.com,1.2,MX,true,2022-03-03T08:36:28Z
sup_477,Forest Coastal Corporation GmbH,forest.coastal.corporation.gmbh@supplier.com,4.8,IN,true,2023-04-02T20:55:45Z
sup_478,Lightning Delta Industries GmbH,lightning.delta.industries.gmbh@supplier.com,3.9,DE,true,2024-11-12T19:31:57Z
sup_479,Ocean Gamma Resources Inc,ocean.gamma.resources.inc@supplier.com,3,SE,true,2024-01-15T10:08:24Z
sup_480,Alpha Elite Services Pty Ltd,alpha.elite.services.pty.ltd@supplier.com,4.6,IE,true,2023-03-26T13:42:00Z
sup_481,Peak Lightning Services Inc,peak.lightning.services.inc@supplier.com,1.7,AU,true,2023-10-18T22:36:37Z
sup_482,Delta Elite Systems Ltd,delta.elite.systems.ltd@supplier.com,2.1,TW,true,2023-06-25T16:25:13Z
sup_483,Royal Grand Services GmbH,royal.grand.services.gmbh@supplier.com,3.6,PL,true,2022-09-14T03:07:45Z
sup_484,Prime Lake Technologies Ltd,prime.lake.technologies.ltd@supplier.com,3.7,US,true,2019-05-27T11:47:18Z
sup_485,Royal Lake Enterprises Ltd,royal.lake.enterprises.ltd@supplier.com,3.6,NZ,true,2024-09-05T22:02:39Z
sup_486,Forest Lunar Trading AB,forest.lunar.trading.ab@supplier.com,1.6,IL,true,2022-07-08T04:29:42Z
sup_487,Core Alpha Resources Pty Ltd,core.alpha.resources.pty.ltd@supplier.com,4.4,TW,true,2023-06-21T04:06:19Z
sup_488,Wind Royal Services Inc,wind.royal.services.inc@supplier.com,4.7,SG,true,2020-02-18T23:05:51Z
sup_489,Mountain Summit Services,mountain.summit.services@supplier.com,4.8,NZ,true,2024-02-05T16:18:14Z
sup_490,Ocean Summit Materials Ltd,ocean.summit.materials.ltd@supplier.com,3.1,ES,true,2020-06-26T21:32:22Z
sup_491,Peak Ocean Enterprises AB,peak.ocean.enterprises.ab@supplier.com,4.6,ZA,true,2021-05-22T01:27:58Z
sup_492,Star Metro Resources AB,star.metro.resources.ab@supplier.com,1.1,BE,true,2023-11-27T10:00:35Z
sup_493,Storm Forest Supply Co LLC,storm.forest.supply.co.llc@supplier.com,4.4,NL,true,2019-08-16T03:25:47Z
sup_494,Grand Summit Resources S.A.,grand.summit.resources.s.a@supplier.com,5,BE,true,2020-12-26T10:53:08Z
sup_495,Star River Manufacturing,star.river.manufacturing@supplier.com,1.8,NO,true,2024-05-21T03:28:54Z
sup_496,Lunar Elite Partners LLC,lunar.elite.partners.llc@supplier.com,1.5,KR,true,2022-02-08T10:37:48Z
sup_497,Crown Omega Technologies,crown.omega.technologies@supplier.com,1.5,NL,true,2021-01-16T05:01:30Z
sup_498,Omega Lake Enterprises S.A.,omega.lake.enterprises.s.a@supplier.com,2.8,SWE,true,2019-09-05T09:56:10Z
sup_499,Crown Beta Technologies Ltd,crown.beta.technologies.ltd@supplier.com,3.4,CA,true,2019-08-23T08:19:17Z
sup_500,Grand Star International LLC,grand.star.international.llc@supplier.com,,BR,true,2023-05-14T20:09:42Z
